{"cameraMode":{"drawMode":0,"name":"Shaded","section":"Shading Mode"},"sceneLighting":true,"audioPlay":false,"sceneViewState":{"showFog":true,"showMaterialUpdate":false,"showSkybox":true,"showFlares":true,"showImageEffects":true,"showParticleSystems":true},"in2DMode":false,"pivot":{"x":0.929612398147583,"y":3.9412827491760256,"z":3.7577412128448488},"rotation":{"x":-0.046416155993938449,"y":0.8821114897727966,"z":-0.08896061033010483,"w":-0.4602445065975189},"size":1.2247449159622193,"orthographic":false}